date,account,return,total_turnover,turnover,total_cost,cost,value,cash,bench
2025-05-23,100000000.0,0.0,0.0,0.0,0.0,0.0,0.0,100000000.0,-0.009412825
2025-05-26,100621737.96285921,0.006625707496496509,81665573.58087511,0.8166557358087512,40832.78679043756,0.0004083278679043756,82328144.33052476,18293593.632334456,-0.00045782328
2025-05-27,101082412.17715612,0.004807496498324325,108770664.68014726,0.2693760975314995,63897.22540528381,0.0002292192430959564,90893187.95228833,10189224.224867783,-0.0018381476
2025-05-28,101501812.27445836,0.004379037800918004,134410093.79161558,0.2536487659844611,87140.8320347818,0.00022994709098118324,96127476.62016073,5374335.65429763,-0.00022602081
2025-05-29,102562390.33000205,0.010652570904598917,154059258.7143431,0.1935843753173261,107818.0286900473,0.00020371258593250417,95152668.40728374,7409721.92271831,0.007040262
2025-05-30,101057966.73065655,-0.01447186126407695,173189717.5300963,0.18652508735609155,127972.94426765539,0.00019651370753702367,91619486.19980602,9438480.53085053,-0.004744768
2025-06-03,100316230.31890382,-0.00713630344356394,193810247.26677945,0.20404655272396052,148529.0400408316,0.00020340895862236262,91027173.81084034,9289056.508063482,0.004328251
2025-06-04,101526371.12933084,0.012294826559862542,219080512.4751929,0.2519060487827309,171758.88252395325,0.00023156614248037743,96341389.91433406,5184981.214996786,0.0042316914
2025-06-05,101357203.75484101,-0.0014553827923216285,240521263.81232667,0.2111840608369736,193166.5235052947,0.00021085793516712042,96259850.89241028,5097352.862430734,0.002338767
2025-06-06,102502370.83984616,0.011507163667736266,260512536.26939088,0.19723583244678244,214333.37101119373,0.0002088341698642023,95075034.72725153,7427336.112594632,0.0003720522
2025-06-09,103990567.20315218,0.014720855398593401,281342823.4479321,0.20321761348415368,235059.58685155003,0.0002022023068397099,96792099.98276772,7198467.220384456,0.004257798
2025-06-10,104815748.88712414,0.0081475584310449,304475675.1861372,0.22245144305265285,257147.1254447775,0.00021239944340411252,99729995.49528804,5085753.39183609,-0.004399121
2025-06-11,105866704.0742228,0.010227861761317564,325587869.16029084,0.2014219637631871,278232.9283725914,0.00020117017863910058,100854818.5779943,5011885.496228503,0.005170107
2025-06-12,106511984.0570247,0.006295072927687504,346739061.9924266,0.19979079368813357,299391.5683318364,0.00019986113806292426,101506362.94653705,5005621.110487653,0.00010049343
2025-06-13,104318798.99137025,-0.020364248512774727,370615653.8034688,0.2241681255158962,323540.1210603423,0.0002267214618364183,98793404.59868382,5525394.392686421,-0.0075417757
2025-06-16,104827870.1204007,0.005098619674592038,393463828.04102945,0.2190225966793458,346350.87299710355,0.0002186638665064412,99400131.08124968,5427739.039151007,0.003474474
2025-06-17,105155048.37075223,0.0033395829224558793,416360444.21871185,0.2184210759160169,369253.9874970834,0.0002184830663226708,99737215.80150625,5417832.569245973,-0.00039070845
2025-06-18,106400071.39523591,0.01206505539845618,439959981.4648239,0.224426098525537,392932.44703386753,0.00022517663111427057,100848072.70418264,5551998.691053273,0.0004144907
2025-06-19,104706224.54363346,-0.015718671125297762,460275446.50975245,0.19093469373215272,414311.5686664024,0.0002009314594641536,97048291.799,7657932.744633471,-0.007879198
2025-06-20,103301504.28409332,-0.013191789166542225,483602611.73046434,0.22278680491426683,437769.3896023015,0.00022403463631833745,95405717.93002144,7895786.354071885,-0.0006582141
2025-06-23,104696042.68625909,0.013723882268649762,505414613.51728827,0.21114892699759655,460928.6704058466,0.0002241911283291082,94128857.57954842,10567185.106710669,0.006454706
2025-06-24,105766929.62023015,0.01048061562814172,534128665.825557,0.2742611045416077,487320.7176169839,0.00025208256715323924,99870146.7549935,5896782.8652366595,0.011528254
2025-06-25,106339645.5704045,0.005626380657487704,556709828.2243823,0.2134992712741674,509689.77445976366,0.00021149386602313912,100889442.87410176,5450202.696302749,0.010351539
2025-06-26,106584452.87034969,0.0025169358504342414,579557929.4031836,0.2148596702221864,532532.540773195,0.00021480950205262592,101167762.67109999,5416690.199249696,-0.0021762848
2025-06-27,105647595.41104482,-0.008581009559441095,601859386.3432387,0.20923742946996998,554787.7911097946,0.00020880390842434725,100345573.6690427,5302021.742002111,-0.0070251822
2025-06-30,106302339.30153474,0.006400117267454501,623350812.6255392,0.20342560754632824,576200.9002751485,0.00020268430229804555,101178364.9025911,5123974.398943653,0.0058988333
2025-07-01,106841012.67217778,0.005277363925899098,645606151.1860223,0.20935887871060035,598523.6603007192,0.0002099931212449665,101604518.10308433,5236494.569093451,0.003867507
2025-07-02,106200114.89962623,-0.005788140276454447,668052771.088442,0.2100936647923121,621010.6642272585,0.0002104716472085173,100905339.28622021,5294775.613406016,-0.0008546114
2025-07-03,106630846.14506492,0.004268461389584375,691785388.8231714,0.22347073500965617,643590.5088070424,0.00021261600894805925,103664196.6861295,2966649.458935424,0.0018405914
2025-07-04,104972678.53594653,-0.015358119740022557,712407407.6011217,0.19339637190813677,664108.8148495997,0.00019242373838657733,102233972.85383976,2738705.682106771,0.0032266378
2025-07-07,105291318.40276645,0.0032198369685360116,731833167.709957,0.18505539136246046,683463.8590659689,0.00018438173138300246,102713399.54980823,2577918.8529582145,0.00023269653
2025-07-08,106779398.02665363,0.014347090684329347,755322676.6112409,0.22309065227420205,706008.3285758733,0.00021411517921796723,106114102.42596444,665295.6006891881,0.0070103407
2025-07-09,107490958.20099242,0.006855713132728515,774764176.678583,0.18207163953564612,726497.0755932601,0.00019187921449297324,104751657.447231,2739300.753761425,-0.0012651682
2025-07-10,108067066.44266203,0.005567938582242398,798182696.6102073,0.21786502161265578,748891.8873331606,0.00020834135367949242,107397576.88408843,669489.5585736083,0.0047614574
2025-07-11,108729796.35364535,0.006325956729006409,819129310.4503462,0.19382976266180704,769789.5624967772,0.00019337690798430603,108179081.82327996,550714.5303653884,0.00014102459
2025-07-14,110256682.83631195,0.01425504940821108,842155343.3281794,0.21177297898122238,792851.698996124,0.0002121050279937696,109656823.19941814,599859.636893807,0.002698779
2025-07-15,109958404.81812915,-0.0024983631470844336,864959869.9712338,0.20683124193850713,815668.4840609046,0.0002069424226979023,109356845.12284777,601559.6952813929,-0.0041626096
2025-07-16,111112433.128986,0.010703242738080706,887831869.9385769,0.2080059273792968,838551.6710646349,0.00020810766618139877,110511382.5479337,601050.5810523103,-0.00034874678
2025-07-17,112441391.85769802,0.012157950001396143,909773419.1524676,0.19747159337623002,860492.3488682968,0.00019746375077748363,111864024.77490704,577367.0827909918,0.0037243366
2025-07-18,114548203.4261429,0.018935182617377845,932045859.2371933,0.19808043743280032,882779.0690010735,0.00019820743735529317,113964562.9673829,583640.4587600008,0.0050207376
2025-07-21,115865240.07690884,0.01168438316135743,952296808.2916667,0.17678975705219663,904167.5175113025,0.00018672006954713707,113027989.15514797,2837250.9217608697,0.007160187
2025-07-22,117363561.14383651,0.013133076292189507,976700995.5894736,0.21062561370095023,927513.4881265281,0.00020149244587702974,116666089.55785328,697471.5859832321,0.0061998367
2025-07-23,116258410.6511066,-0.009101146067284538,1013560481.3709514,0.3140624349009329,964521.0679097091,0.0003153242746087588,115301758.64150034,956652.0096062617,0.0001219511
2025-07-24,116329390.60066764,0.0008638514801053014,1043085513.5566609,0.2539603975347176,993971.1184643129,0.0002533154409187985,115552151.90382706,777238.6968405792,0.0065401793
2025-07-25,115657187.40365209,-0.0055535452301038336,1067880581.2326076,0.21314534141301011,1020133.783188643,0.00022490158840546726,112170917.27476956,3486270.128882524,-0.003347993
2025-07-28,116451714.22821939,0.007078620409894632,1089342401.0768716,0.18556408231994007,1044300.28592784,0.0002089494244300972,107580244.81220952,8871469.416009866,0.0011914968
2025-07-29,116896905.7116368,0.004056217867721706,1119147704.5536962,0.25594559663082994,1071462.326489759,0.00023324723677907674,113339124.16600025,3557781.5456365426,0.0032725334
2025-07-30,117005543.78091332,0.0011713870584190613,1148780813.415801,0.25349780374173747,1099755.779733077,0.00024203765763580404,116155366.92609426,850176.8548190538,0.001663804
2025-07-31,117345885.2654798,0.0031199502806769476,1173575306.448132,0.21190870305049275,1124465.7743266164,0.00021118652839054929,116689415.28283814,656469.9826416746,-0.011756718
2025-08-01,116339957.045862,-0.008351290099216944,1199487738.2859674,0.22082096682991317,1150404.4641429663,0.00022104473248181624,115656909.79600723,683047.2498547779,-0.003709793
2025-08-04,116951194.34533995,0.0054490216741555925,1221005482.458997,0.1849557513980104,1173106.1121782493,0.00019513199602036834,113923041.019014,3028153.3263259544,0.006561041
2025-08-05,117251954.34543033,0.0027993393838969534,1247420169.2837343,0.22586077014945707,1199732.1964125705,0.00022766833962976286,113827632.28417078,3424322.0612595472,0.009569168
2025-08-06,117789797.48013641,0.004805873746388561,1273085724.1409798,0.21889234171426594,1225387.1508079444,0.00021880193416472184,114412331.29701531,3377466.1831210945,0.0045325756
2025-08-07,118426456.38491976,0.005584564934341051,1294470991.9715552,0.18155450037327545,1246533.0186552948,0.00017952206642444035,115548936.03609517,2877520.348824586,0.0015608072
2025-08-08,119165532.51297195,0.006462911585847929,1321814755.214073,0.23089235359405402,1272836.6076441172,0.00022210906069272438,118394664.2605265,770868.2524454626,-0.001247108
2025-08-11,120771399.85444605,0.013705009733226322,1349126424.87421,0.22919101760539595,1300134.0491253946,0.00022907161916392092,120056285.40120101,715114.4532450447,0.003416419
2025-08-12,122213802.57229716,0.012184081917537648,1378175453.2631228,0.240529036045975,1329219.9603965573,0.0002408344302228607,121454008.26582323,759794.3064739201,0.0050365925
2025-08-13,122948840.15641569,0.006244883879544133,1406344358.1553416,0.23048873612745294,1357393.381819555,0.00023052569210692362,122208186.20980719,740653.9466084936,0.0047864914
2025-08-14,120606888.34159109,-0.018826689858684176,1433573901.0371315,0.22147051446071764,1384625.514534378,0.0002214915787751892,119888286.86163127,718601.4799598176,-0.0046212077
2025-08-15,121948600.20037769,0.011360550407874528,1461992973.4429288,0.23563390778565482,1413074.2902893205,0.0002358801901460884,121199040.79788245,749559.4024952296,0.008271813
2025-08-18,122738982.3500189,0.006708520233265186,1488228694.5030322,0.21513753349357562,1440786.7925107053,0.0002272473991160987,119063573.12718186,3675409.2228370444,0.008455038
2025-08-19,122594353.98594561,-0.0009466685655500168,1518060639.5006886,0.24305191738174575,1469222.0202256355,0.00023167234378594157,121740814.55627511,853539.4296705001,-0.00019824505
2025-08-20,123443426.49055085,0.007157707184258316,1546521270.289892,0.2321528672720619,1497644.0038951118,0.0002318376233927925,122695603.28400373,747823.2065471183,0.010442376
2025-08-21,123401124.36165884,-0.00011381767225597404,1574762805.1532538,0.22878119691147447,1525896.0893286604,0.00022886666578160114,122660452.10017078,740672.2614880712,0.0012981892
2025-08-22,123181194.9702062,-0.0015648144642124158,1601598239.3135786,0.2174650701048448,1552725.6164801018,0.0002174172017493988,122479166.25363582,702028.716570375,0.014494419
2025-08-25,122023175.4845584,-0.009150745251185277,1632352002.3573458,0.24966280811941804,1583545.3672189573,0.0002501985042953173,121219991.12855096,803184.3560074475,0.015108943
2025-08-26,124329334.16973528,0.01911907991529961,1659191243.3694115,0.21995199604899693,1610357.525649979,0.0002197300498413493,123607127.13424681,722207.0354884653,-0.003908694
2025-08-27,123490516.50365743,-0.006505428531227878,1689148670.7001488,0.24095220593588365,1640359.5939514702,0.00024131126014502878,122709029.59496301,781486.9086944214,-0.017586708
2025-08-28,123897049.87512615,0.00349850572143879,1713326792.8079815,0.19578930263132055,1665858.5010142243,0.00020648473894753554,120499491.96365117,3397557.911474992,0.011379719
2025-08-29,123812599.94008219,-0.0004378158760677928,1743275508.4161997,0.24172258853946096,1696064.3406248917,0.00024379789221060078,119930999.86331972,3881600.076762471,0.0037283897
2025-09-01,126267434.93925022,0.020064898227954247,1772717254.2485878,0.2377928082169035,1725516.5585930317,0.0002378773887503624,122394342.80895203,3873092.130298182,0.0045627356
2025-09-02,124780951.21296558,-0.01151299356214646,1806918082.0429368,0.27086024049513363,1758284.119313335,0.0002595091975699709,123807160.79147848,973790.421487099,-0.004488945
2025-09-03,122864215.36203608,-0.01513988659862687,1834592355.959153,0.2217828414289295,1785850.5192097428,0.00022091833431658756,122133739.38006163,730475.9819744495,-0.011553764
2025-09-04,121987230.3543393,-0.006933231278246379,1856928825.9017289,0.18179801072882362,1810989.5059812525,0.0002046078811266105,115676859.70126878,6310370.653070519,-0.0125030875
2025-09-05,123342402.88706072,0.011331569790508459,1885425312.9459414,0.23360221362054154,1838123.7875708651,0.0002224354263212222,119783577.42477992,3558825.4622807926,0.012384415
2025-09-08,123186795.60106833,-0.0010248323563966017,1915956619.623204,0.24753293241107632,1867325.7881688836,0.00023675556754604115,122315784.29787372,871011.3031946174,0.0037579536
2025-09-09,122323277.55488336,-0.006786622099858781,1943512051.063397,0.22368819081412947,1894821.6049168587,0.00022320425345763773,121598991.45287248,724286.1020108815,-0.0051084757
2025-09-10,122779513.32561179,0.003942750637902779,1969574763.0135717,0.21306420553096386,1920876.0147983097,0.00021299633563007646,122097885.77093077,681627.5546810203,0.0012946129
2025-09-11,124346850.60987197,0.012977302139766127,1995570962.50381,0.21173075854516674,1946885.5715380316,0.00021183954908458107,123664518.11296262,682332.4969093488,0.016548872
2025-09-12,124758811.07442787,0.003531097231482451,2022662393.0314004,0.21786985673314438,1974005.926914208,0.00021810247097664277,124045749.23572278,713061.8387050992,-0.0012156963
2025-09-15,124562694.12473042,-0.0013581133823893376,2049335596.7231004,0.2137981555129396,2000686.2657204943,0.00021385534678083315,123862042.39565852,700651.7290719016,-0.0026078224
2025-09-16,125026935.55342868,0.0039373096413265665,2074138030.1667376,0.1991160645481969,2026886.7335491509,0.00021033960458835934,121556415.52214664,3470520.031282034,0.00035250187
2025-09-17,125507216.1474624,0.004044403101868181,2099562414.7901654,0.2033512579580348,2052265.4654847928,0.000202986115138339,122153380.22368802,3353835.9237743705,0.003748417
2025-09-18,125372963.4729378,-0.0008233718485667198,2131685760.3936853,0.25594819636328464,2083179.0314415842,0.0002463090721450635,124469600.40857732,903363.0643604873,-0.011527598
2025-09-19,125987745.57299967,0.005114228759067392,2156760828.889587,0.20000379508708133,2109582.9467825247,0.00021060294508105684,122453092.73390307,3534652.8390966034,-0.003018856
2025-09-22,126273171.24427639,0.002456637072995476,2179635991.554406,0.1815665687228679,2133663.442023559,0.0001911336307472985,120351933.74798922,5921237.496287163,0.0022217035
2025-09-23,126044365.65496548,-0.0015952456573212878,2208189481.2381616,0.2261247532028673,2161032.303270854,0.00021674327949164896,122519753.89284547,3524611.762120002,-0.0017611384
2025-09-24,127636841.70121448,0.012810493639775445,2227999085.553706,0.1571637431995296,2183246.8015743177,0.00017624348528417184,119324656.46155927,8312185.239655207,0.008322835
2025-09-25,127371775.75013566,-0.0018529569574164935,2258895362.3584156,0.24206394010464968,2211807.178800202,0.00022376280112556624,123759950.04535855,3611825.704777107,-8.8214874e-05
2025-09-26,127625060.73235759,0.0021698076427417324,2279473913.3438444,0.16156288050657008,2234894.449070501,0.0001812589181106284,119018883.72810952,8606177.00424807,-0.0065387487
2025-09-29,128173227.27493544,0.004519531385275696,2311878598.489898,0.2539053455497242,2263533.3740202603,0.00022439891339066877,127127209.58822767,1046017.6867077579,0.00899303
2025-09-30,129475675.35439157,0.010349403226370464,2336134209.447838,0.18924085375419789,2287601.7064576563,0.00018777971772348956,128828283.04120664,647392.3131849244,0.005241394
2025-10-09,128105470.68841074,-0.01037094882659102,2363497177.9854403,0.21133675080439981,2315020.76904978,0.00021176999090426936,127373309.32877591,732161.3596348334,0.013185024
2025-10-10,128088109.92139782,5.369226803649436e-05,2387770174.2922654,0.18947665682337683,2339259.8093318474,0.00018921159378918078,127448099.65155973,640010.2698380928,-0.00939095
2025-10-13,128244027.98187622,0.0014391424613646167,2416125404.694995,0.22137285357813383,2367678.7866372652,0.00022187053367293333,127504942.88396914,739085.0979070789,-0.0019312501
2025-10-14,127855229.8563372,-0.0028215067002898297,2443085562.9258366,0.2102254479612237,2394635.527953265,0.00021019880410968634,127149935.32942943,705294.5269077676,-0.006240666
2025-10-15,127970593.17689312,0.001111949334013295,2469879887.9365153,0.20956768871156736,2421440.745086225,0.00020965287976940612,127270319.62255321,700273.5543398969,0.012154698
2025-10-16,127180569.95928572,-0.005972459965941645,2495604936.4225626,0.20102312451179827,2447164.71812682,0.00020101472066349336,126508171.26888983,672398.6903958898,0.001026988
2025-10-17,125046160.7909303,-0.016570161960521784,2522582291.548745,0.21211852671220777,2474171.2440254046,0.00021234789171986116,124342427.08162823,703733.709302071,-0.019527137
2025-10-20,125642315.76969564,0.005061538653684569,2559212472.461304,0.29293327104862105,2510942.2415982154,0.0002940593884708685,124693719.73746404,948596.0322316047,0.0062863827
2025-10-21,126906756.65569183,0.010294082071700421,2588222387.2788267,0.23089286949070695,2539873.6658137697,0.0002302681547878027,126144073.2516155,762683.4040763425,0.01357162
2025-10-22,127303717.1653526,0.0033517380070898794,2616615766.609866,0.22373418153040453,2568271.355792393,0.00022376814857595406,126560810.1560885,742907.009264099,-0.0006573796
2025-10-23,127978484.25563781,0.005501983743352455,2642294504.602302,0.20171239743991343,2593927.24781929,0.00020153293712211922,127306925.06947823,671559.186159587,0.0022107363
2025-10-24,127093543.09323329,-0.0067094817242518345,2668544505.5192513,0.20511260990179203,2620199.1090131593,0.00020528342202733905,126404535.21442828,689007.878805018,0.0071134567
2025-10-27,127656915.98385772,0.004667935354704968,2698373264.5786014,0.23469924854851384,2650090.6615483486,0.00023519332145191256,126872212.70590861,784703.2779491129,0.011804938
2025-10-28,129696764.51592912,0.016196258369372135,2726103656.3814363,0.21722592614051173,2677806.523388743,0.00021711210573110672,128968837.02470148,727927.4912276422,-0.0021818876
2025-10-29,128857943.946929,-0.006210832118515319,2759314877.20983,0.25606822924495176,2711102.2616658174,0.00025671988350168206,127994277.29661734,863666.650311653,0.007047415
2025-10-30,129135479.40083385,0.0023911089906994113,2789907000.2090325,0.23740967814760647,2741680.1960555078,0.00023729956767185522,128330767.90393578,804711.4968980672,-0.007327497
2025-10-31,132367465.81673335,0.025284021045013046,2822940270.8166385,0.2558032135000742,2774757.958984539,0.0002561477533711589,131506847.43991187,860618.3768214672,-0.008054137
2025-11-03,133562423.1058273,0.00925448453268114,2852994872.0291853,0.22705429183148604,2804793.334921741,0.00022690905013462203,132770290.65563011,792132.4501971845,0.005494833
2025-11-04,134148652.34411529,0.004603281117802503,2881598411.423197,0.21415858389561915,2833389.476964759,0.00021410319892414863,133399910.7379467,748741.6061685896,-0.0041077733
2025-11-05,136397017.42441738,0.01698982125401659,2912352942.9883785,0.2292571041734423,2864186.0214564023,0.00022957028604837893,135595046.50981835,801970.9145990429,0.0022882223
2025-11-06,136680425.63781652,0.0022943547173794186,2941887623.3054576,0.21653464917915324,2893720.948421455,0.00021653645748829605,135907496.35423687,772929.2835796345,0.009702563
2025-11-07,137257118.6339717,0.00443386797950813,2971204270.327732,0.21449045747018228,2923050.914927339,0.00021458790729555078,136486880.3496791,770238.2842925703,-0.002546072
2025-11-10,138537881.0612503,0.009555869010195289,3002019085.632289,0.224504314320715,2953899.5340317995,0.00022475059517113591,137730883.7962558,806997.2649944955,0.005263567
2025-11-11,139598685.84425694,0.007885095738831402,3033573526.706544,0.2277676028573308,2985479.2066479577,0.00022794973024162365,138772805.16807252,825880.6761844242,-0.0039414167
2025-11-12,140591688.06193894,0.007321399675337338,3062647495.626133,0.20826821358494285,3014534.7621836155,0.00020813631131222528,139831689.70915192,759998.3527870215,-0.0006541014
2025-11-13,143982182.74080282,0.024350441940768554,3095557428.1198497,0.23408163702549717,3047509.82082662,0.00023454486604127642,143124907.14808568,857275.5927171283,0.0073400736
2025-11-14,145808488.27366433,0.012897585007247128,3126281119.077429,0.21338536736096037,3078226.7293936135,0.0002133382615978974,144995494.37068558,812993.902978742,-0.009680867
2025-11-17,148732654.97102076,0.020236035770260175,3152745537.620262,0.1815012202387211,3104645.8163506133,0.00018119032211221068,148036743.326666,695911.6443547509,-0.004625201
2025-11-18,150380602.94112945,0.011281095575607237,3180603525.6153765,0.18730243200823793,3134565.1421838254,0.00020116178144632485,145591934.94641143,4788667.994718029,-0.008112252
2025-11-19,150369518.98051783,0.00016400392006730007,3218187342.406114,0.24992463160591816,3170312.1111798664,0.0002377099725423704,149290293.54419008,1079225.4363277503,0.0017586946
2025-11-20,148500737.24033457,-0.012187931494047977,3254323609.784384,0.2403164392841581,3206400.455235632,0.00023999773558124803,147553446.7930694,947290.4472651654,-0.003975749
2025-11-21,142699089.05862623,-0.03884712862619808,3287172120.184124,0.22120099206361496,3239221.3962834477,0.0002210153407837833,141839758.25625697,859330.8023692798,-0.024461627
2025-11-24,141170835.53393722,-0.010475651404291568,3320529092.843164,0.2337574323640963,3272609.008284341,0.00023397214531044715,140283613.65986478,887221.8740724218,0.0004888773
2025-11-25,144039447.48695287,0.020593593968076092,3359052935.291046,0.272888109659315,3311211.9223886374,0.0002734482229158181,143032685.21415594,1006762.2727969168,0.008667946
2025-11-26,144263629.92818168,0.0017874445650626978,3392382665.542658,0.23139307205847706,3344492.0087250182,0.00023104841706224485,143389435.57218507,874194.3559966078,-0.0015087128
2025-11-27,144185432.2437691,-0.00028821554261673565,3427004839.7198987,0.23999239582753254,3381110.672757976,0.0002538315724565349,139354876.84037045,4830555.403398655,0.0028660297
2025-11-28,145173339.20107353,0.007089854500614974,3461469623.3538127,0.23903096933985415,3415457.45117016,0.00023821254254115552,140613141.01954615,4560198.181527367,0.0034416914
2025-12-01,147002727.381359,0.01286778355564347,3501828510.254092,0.2780048121947523,3454128.3777741017,0.00026637760636186945,145857120.71911004,1145606.6622489588,0.006534457
2025-12-02,148272757.04209596,0.008847647790724729,3532576867.2025814,0.20916861541433074,3484727.073183344,0.00020815052859436036,147457072.15374848,815684.8883474688,-0.0041629076
2025-12-03,145657644.24995968,-0.017393903185436106,3568568821.897989,0.24274152186425557,3520797.884291719,0.00024327335532132947,144720317.34678563,937326.9031740404,-0.005057335
2025-12-04,142744867.75919816,-0.019777705062979385,3597007027.582682,0.19524004957742688,3552800.44690916,0.00021971083482938842,134710829.5531464,8034038.206051761,-0.00056910515
2025-12-05,143420502.01081774,0.004963771415603932,3630003167.178996,0.23115464754905526,3585719.0895968536,0.0002306117425056951,135574376.26469323,7846125.746124512,0.006970167
2025-12-08,144941112.2597637,0.01084036925160368,3664026739.065142,0.23722948538821725,3619840.0406985343,0.00023790846234178655,136934349.03367123,8006763.22609246,0.0054500103
2025-12-09,145281573.2237793,0.0026074991720556905,3704861073.2518635,0.2817305148972361,3657312.906897096,0.0002585385582760169,144035218.84020376,1246354.3835755237,-0.0037094355
2025-12-10,145185367.45111236,-0.0004273520661939619,3739132729.328903,0.2358981618697823,3691432.2990669357,0.00023485010117067713,144277660.2741064,907707.177005949,-0.0023086667
2025-12-11,143964500.87039933,-0.00817162040176525,3771753621.426145,0.22468443390637263,3725899.169078675,0.00023739906174322502,139399304.7344091,4565196.135990232,-0.0069678426
2025-12-12,142996947.46155924,-0.006489708233422637,3805086267.716068,0.23153378845754238,3759164.971299554,0.00023106947907127384,138598705.2658766,4398242.195682645,0.004138112
2025-12-15,142569496.75054353,-0.0027648710153370657,3835452515.6524057,0.21235591720935912,3791247.566997113,0.000224358605320463,134770641.6281154,7798855.1224281415,-0.0055086613
2025-12-16,141567125.94746318,-0.006794093471398784,3870868487.591497,0.24841198675940607,3824987.8829839854,0.00023665872964332782,137153323.04545912,4413802.902004061,-0.011145234
2025-12-17,141957383.40234506,0.002964643419835219,3898863684.3648286,0.19775210230460502,3854426.476507239,0.00020794794925891628,134686225.5940201,7271157.808324959,0.0118870735
2025-12-18,142855224.9113183,0.006586249816881133,3939002298.5049167,0.28275115515706956,3891551.757972618,0.0002615241319301872,141647857.7338764,1207367.177441896,0.0015742779
2025-12-19,145365011.47168154,0.017803879255667232,3972734393.2220383,0.2361278331825932,3925142.372971682,0.00023513746185983863,144474194.34535345,890817.1263280697,0.0036315918
2025-12-22,146199193.96484455,0.005959779475405168,4004903854.415742,0.22130126684556803,3957303.291619627,0.00022124250067018483,145357622.8486828,841571.1161617669,0.0069184303
2025-12-23,144209753.92213818,-0.0133954776710415,4035934988.145263,0.21225242689766882,3988335.296045657,0.00021225838244697857,143397473.41738677,812280.5047514141,0.000667572
2025-12-24,145803165.4534045,0.01124002730894688,4063475396.875726,0.19097466004506644,4015845.3370806975,0.0001907640800073342,145079130.380531,724035.072873462,0.00534904
2025-12-25,148203640.61971223,0.016646627343322656,4090131575.769554,0.18282304647457498,4042501.1315525905,0.00018282040989303216,147507030.18518087,696610.4345313688,0.00473845
2025-12-26,149892976.88773474,0.011592062947919696,4118742531.809543,0.1930516411091693,4071150.7947046557,0.00019331281628620465,149147601.89220282,745374.9955319129,0.001024723
2025-12-29,150120919.18339038,0.0016671932676690679,4140772450.6637907,0.14697098764505362,4093109.060987124,0.00014649296276846005,149540807.59770057,580111.5856898231,0.00040388107
2025-12-30,150321433.0858304,0.0015039834286477817,4165986469.2540383,0.16795806159064172,4118374.5332923047,0.00016830081005776254,149663679.5425787,657753.5432516956,-4.130602e-05
2025-12-31,150549527.24064556,0.0017115033593234086,4193561052.706584,0.18343747053556317,4147556.016181845,0.0001941272265072039,146707156.30629113,3842370.9343544357,0.00093925
2026-01-05,150876242.50033036,0.0024414248296821587,4235711962.0012784,0.2799803497709986,4188396.1103992667,0.00027127348033541634,149696341.81473967,1179900.6855906784,0.013751268
2026-01-06,153658578.8882408,0.018610179663254876,4261443563.966941,0.17054773859182062,4213893.7023367705,0.00016899673212267299,152972195.85090572,686383.0373350931,0.014974833
2026-01-07,157919495.90184093,0.02787851280548292,4284330324.893103,0.14894554597441823,4236749.347944789,0.00014874304951526042,157318199.1464036,601296.755437315,0.00051546097
2026-01-08,161117299.1890204,0.020477793352844244,4320187450.361076,0.2270595233552492,4272788.86422855,0.00022821448408221257,160187260.31829262,930038.8707277719,-0.00068354607
2026-01-09,163494601.98987818,0.015082840626708859,4372748180.38515,0.3262264839879803,4325592.609244531,0.00032773479497091195,162131336.88035092,1363265.109527249,0.009171486
2026-01-12,166894311.6108414,0.020992207631299154,4405383581.903803,0.19961149249853122,4357995.619849454,0.0001981900944162591,166028231.33937842,866080.2714629848,0.010887384
2026-01-13,167977176.6885228,0.006688259646136796,4436958775.13364,0.1891927467453978,4391363.0316846315,0.0001999313907892968,163560026.61821252,4417150.070310265,-0.006368816
2026-01-14,169615577.949603,0.010042283883590675,4486924248.0801525,0.2974539394668024,4439836.264874642,0.0002885703531015609,168231380.6254831,1384197.324119906,-0.0030602813
2026-01-15,166912900.6633612,-0.015653712267307735,4534530989.944597,0.280674348665014,4487400.09784025,0.0002804213713185009,165662084.96988142,1250815.69347978,-0.0032699704
2026-01-16,162918216.64076868,-0.023730412786062652,4568461873.826306,0.20328496926755055,4521172.088372133,0.00020233301558874917,162018959.63747072,899257.0032979604,-0.0025988817
2026-01-19,161326596.68579543,-0.009543550179362311,4602745825.881324,0.21043657831470672,4557973.867701988,0.0002258911255516758,155428486.91215396,5898109.773641452,0.0029466152
2026-01-20,161859092.03045845,0.0035136203304121324,4639476825.329611,0.22768099124923225,4592318.932990373,0.00021289152560056087,160767195.6419059,1091896.3885525428,-8.523464e-05
2026-01-21,163410711.5805442,0.00982289811988567,4677808924.370033,0.23682388526687861,4630624.753697012,0.00023666153211479875,162409677.68026978,1001033.9002744188,0.00080001354
2026-01-22,166330684.2705289,0.018081229272603958,4712527031.569306,0.21245918865092728,4665318.605399481,0.00021231075592843864,165412855.21556136,917829.0549675617,0.0013688803
2026-01-23,168880445.43708736,0.015567109127834476,4749887941.418136,0.22461826579191807,4704845.352187742,0.00023763953693578367,163670469.25004378,5209976.18704358,0.0032960176
2026-01-26,167806049.24672034,-0.006123395667916364,4790104324.730712,0.23813522760726025,4745119.754569508,0.00023847877874510887,162520309.3236785,5285739.923041839,-0.00086045265
2026-01-27,167643367.24727547,-0.0007211685994248302,4833766998.798426,0.26019725906017716,4786785.300504109,0.000248295851798174,166393549.13638943,1249818.1108860471,0.0017662048
2026-01-28,164805326.19382843,-0.016727439751806503,4865896118.784777,0.19165160252931612,4820582.028532375,0.0002015989572579706,160254088.72713524,4551237.466693206,0.0027377605
2026-01-29,162663899.70895198,-0.012761416669333319,4905862941.625565,0.24250929119719525,4858859.076523991,0.00023225613440793053,161530488.9885973,1133410.7203546623,0.0016252995
2026-01-30,163616542.21877262,0.006045623074779585,4935109523.41208,0.1797976185179685,4889621.192217424,0.000189114583804235,159482825.80027902,4133716.418493586,-0.009628892
2026-02-02,160600268.7737905,-0.018185925973344237,4977316977.348922,0.2579656883373451,4930376.312394384,0.0002490892401482657,159411974.99523672,1188293.7785537937,-0.024818718
2026-02-03,164554172.96323314,0.024929780615374715,5024424400.212636,0.29332094661725755,4980201.5902525615,0.0003102440502659267,157979994.47361225,6574178.489620901,0.0129470825
2026-02-04,166652639.02865332,0.013012729642293703,5069861195.604074,0.2761205904002788,5023034.48911417,0.00026029664328949446,165329086.49755177,1323552.5311015518,0.008472443
2026-02-05,168793781.92649332,0.013099141172075912,5111814092.8099575,0.2517385710205935,5064898.036609515,0.0002512024276324053,167690792.36396545,1102989.5625278614,-0.0064074993
2026-02-06,169814950.77201805,0.006337010284470056,5160185213.163345,0.28656932619978026,5113377.12310757,0.0002872089596236868,168544508.0066552,1270442.7653628597,-0.0025354028
2026-02-09,173315768.04912964,0.020872636370867313,5201563283.245789,0.2436656483679968,5157045.563797046,0.00025715309806910035,167508252.5103939,5807515.53873575,0.014144778
2026-02-10,172172066.00590342,-0.006343770745373126,5248005491.539259,0.2679629719570897,5201272.107961316,0.0002551789987840713,170840105.2697365,1331960.736166915,0.0012813807
2026-02-11,172593091.0705972,0.002724873411836464,5296138907.338089,0.27956576763840213,5249394.128187976,0.00027949958052434697,171332043.49899977,1261047.5715974197,0.000874877
2026-02-12,170462134.3166891,-0.012092180400023524,5340102196.502749,0.2547221843699281,5293324.089072723,0.0002545290811599061,169311673.26580024,1150461.0508888625,0.00049209595
2026-02-13,169952705.04619032,-0.002739129885631817,5382608192.334264,0.24935740715615812,5335835.433096077,0.00024938878181811125,168834058.9556479,1118646.0905424496,-0.012565255
2026-02-24,171577546.85186994,0.009767572528355823,5415982990.38697,0.19637697466265716,5371019.000345387,0.0002070197543472283,166876545.93536907,4701000.916500868,0.008656383
2026-02-25,174099108.71216738,0.014921782475273168,5456416669.9367,0.23565833811948825,5409699.971812539,0.0002254430849308455,172942204.93229222,1156903.7798751444,0.007242918
2026-02-26,175594159.69248652,0.008852517769413135,5502535298.376475,0.26489870500154,5455864.445006847,0.0002651620306145901,174391730.8767382,1202428.81574832,-0.00014472008
2026-02-27,177644340.5026641,0.011877077927894228,5536108470.011116,0.1911975414981712,5491229.153180049,0.00020140025291920136,172894203.31796536,4750137.184698721,0.0039191246
2026-03-02,176864731.90594658,-0.0041541985125419425,5577426308.83339,0.23258741992770984,5532867.894819894,0.00023439385415839143,171514427.8277453,5350304.07820129,0.004734516
2026-03-03,173015306.58516014,-0.021508943013329458,5624661641.29096,0.2670703873437524,5578119.775973543,0.00025585587734762655,171677156.99595484,1338149.589205308,-0.0143249035
2026-03-04,173093578.58319607,0.00068893476704918,5665695614.08419,0.23716961003697473,5619044.037875795,0.00023653549914156766,172015775.0378467,1077803.5453493535,-0.009751499
2026-03-05,173818788.52228004,0.004411928323418105,5702115287.934997,0.21040453463905598,5657510.560744831,0.00022222963546015024,168685753.463339,5133035.058941042,0.0063915253
2026-03-06,175835313.9328775,0.01185109856761572,5747431625.260628,0.2607102357051724,5700928.745828451,0.0002497899418856782,174542001.54304665,1293312.3898308491,0.0038034916
2026-03-09,177245429.09500012,0.0082412423053897,5786527548.94078,0.22234398088586585,5739915.011670953,0.0002217203414405392,176210418.64631194,1035010.4486881779,-0.0066902637
2026-03-10,181730768.27335846,0.025559699477927814,5831432577.234155,0.2533494292217081,5784915.734817172,0.0002538893294794092,180549368.8421312,1181399.4312272705,0.006477475
2026-03-11,183665236.09673,0.010882660730493642,5874680489.256584,0.2379779298427671,5828162.206856561,0.00023797000612652106,182529963.10362518,1135272.9931048248,0.0024969578
2026-03-12,183706978.6923138,0.000461498889485991,5915396889.847412,0.2216881183186134,5871180.913768588,0.00023422345908384267,178010111.76372597,5696866.928587835,-0.0010475516
2026-03-13,182776392.01829952,-0.004844524939585114,5956143756.458837,0.22180358580536208,5911794.547932113,0.00022107834145782622,177386603.61967558,5389788.398623929,-0.008150458
2026-03-16,182807547.24358207,0.0003910297377355943,5994257701.143851,0.2085277221206925,5952110.327284737,0.0002205743253132361,173054405.2890891,9753141.954492964,-0.00260365
2026-03-17,180799833.6394932,-0.010746150754754007,6039538124.36716,0.2476944956926457,5995346.469587261,0.00023651180136952587,175178489.66887063,5621343.970622561,-0.008538783
2026-03-18,183031205.230745,0.012558386834143133,6078897997.826575,0.21769861546386857,6034529.12872895,0.00021671844687544354,177803472.55471426,5227732.676030714,0.003229022
2026-03-19,181833030.5856792,-0.006307190475863363,6122423740.27046,0.23780503651829496,6078291.099377587,0.00023909568094395111,176176603.47079325,5656427.114885943,-0.013889313
2026-03-20,180803705.3096698,-0.005408089172864135,6170501940.622752,0.26440850816506495,6124247.131407513,0.0002527375355396252,179437570.87154257,1366134.4381272234,-0.012354493
2026-03-23,174162406.4893353,-0.03652352770380136,6208373476.522885,0.20946216691338834,6161956.811914346,0.00020856696737628252,173157692.51831123,1004713.9710240653,-0.036332607
2026-03-24,179070594.1887338,0.028450026715667157,6254981799.866798,0.26761414408204737,6208694.230002331,0.00026835537605439765,177854428.1476595,1216166.041074274,0.017831683
2026-03-25,182048509.0992295,0.01684017144873404,6290716199.677382,0.19955481787769874,6246358.827071557,0.00021033379176443182,177009613.13793853,5038895.961290996,0.013026118
2026-03-26,180245861.14059556,-0.009641630523095844,6337601872.184122,0.2575449408442206,6293762.323690293,0.0002603893701370453,174218720.4519283,6027140.688667278,-0.010873795
2026-03-27,185239578.04635245,0.027978335981582034,6386656537.481368,0.2721541842172027,6343024.680214566,0.0002733064504923481,178846317.26015854,6393260.786193892,0.0063357353
2026-03-30,185701790.8908632,0.002727440368074553,6429963275.434,0.2337877164770658,6386041.738632521,0.00023222390631439646,179930906.2324391,5770884.658424123,0.0024434328
2026-03-31,181864936.31173578,-0.020432099239246587,6472596272.768895,0.2295777392903578,6428618.897372017,0.0002292770497001754,176248306.0028492,5616630.308886592,-0.008010149
2026-04-01,184547594.78378016,0.01497448522469889,6511108121.225873,0.21176071230665627,6469294.2270185305,0.00022365679977360767,174644677.4254657,9902917.35831444,0.014566541
2026-04-02,181087438.12508526,-0.018518041437126063,6553714675.099093,0.23087027453887535,6511990.878385433,0.00023135848189691558,171047022.43077487,10040415.694310408,-0.007412076
2026-04-03,177694013.17377365,-0.018499207607265984,6597058162.265588,0.23935115331718962,6555441.716753165,0.00023994396749772774,167482345.9153522,10211667.258421458,-0.009998739
2026-04-07,177988085.74642345,0.0018749714776903953,6636494915.684675,0.2219363090219631,6594540.350560525,0.00022003348964336897,168491756.3452684,9496329.401155043,0.0025948286
2026-04-08,185803075.07953766,0.044104829178427646,6673969827.169276,0.2105473033627143,6629685.135087658,0.00019745582621301098,181002144.37784767,4800930.701689977,0.026948214
2026-04-09,181756758.72100616,-0.021576683742042163,6713093241.731718,0.210563870085003,6666987.304329063,0.00020076185082209733,180635620.83063266,1121137.8903735103,-0.007215798
2026-04-10,182606091.60674924,0.004869700949102523,6747014037.982013,0.1866274271668906,6702755.479035463,0.000196791442354581,177825964.97887206,4780126.627877163,0.005056262
2026-04-13,184192604.4254381,0.008881228149609614,6782314727.193864,0.1933160547999286,6738009.021414647,0.00019305786608205737,179542025.00527525,4650579.42016287,0.0005853176
2026-04-14,187095333.95038074,0.01595750065215447,6818760787.231553,0.19786929095973949,6774533.101712969,0.00019829287072764827,182325238.08924958,4770095.861131168,0.009544253
2026-04-15,185602842.95512,-0.007764004920189228,6860416029.328565,0.2226418009337362,6814415.0036385115,0.00021316353050322148,184419309.33885062,1183533.6162693854,0.0001449585
2026-04-16,189584603.76415694,0.02165409480868413,6897798545.751827,0.20141133523640012,6851715.752713051,0.00020097078514879613,188601905.59440845,982698.1697484814,0.0070364475
2026-04-17,190314480.0528279,0.004028725713983444,6929925722.866505,0.16946089754547583,6885623.832202115,0.00017885460536260644,185803885.21379554,4510594.839032346,-0.0010163784
2026-04-20,191864401.4838403,0.00834942856464577,6970680785.304676,0.21414588331302228,6924719.557208512,0.00020542695960677616,190711577.233364,1152824.2504762914,0.0075780153
2026-04-21,190479509.7246828,-0.0069785504834028195,7016589766.207898,0.23927826396231586,6970675.904643144,0.00023952513900033268,189277908.7588232,1201600.9658596115,0.0007227659
2026-04-22,190565450.8336985,0.0006551049121384363,7055504239.465489,0.20429742450428312,7009518.858109802,0.00020392195214488304,189545732.403169,1019718.4305294924,0.005184889
2026-04-23,188732281.0713152,-0.009410503883051846,7095324931.010028,0.2089607080944015,7049371.705447068,0.0002091294469323559,187688103.90266848,1044177.1686467342,-0.003167808
2026-04-24,187115252.4522485,-0.008356444903976176,7135204949.301301,0.21130470137328483,7089269.416139563,0.00021139844474946104,186075588.19185027,1039664.2603982436,-0.0032615066
2026-04-27,188796249.55196398,0.009209716343222457,7177430898.278008,0.22566812925890928,7131550.7149997605,0.00022596393562832618,187688166.82344487,1108082.7285191128,0.0015795231
2026-04-28,186264601.6815164,-0.013204142980803718,7216211883.377852,0.20541184049935252,7170305.912123704,0.00020527524893060393,185246850.1019267,1017751.5795896868,-0.0018860102
2026-04-29,188502869.9765643,0.012225006419063093,7255004909.676141,0.2082683770726249,7209123.568276593,0.00020840060753605404,187474676.34392515,1028193.632639146,0.007080078
2026-04-30,189327393.08904752,0.0045351056813031235,7283827064.401076,0.15290034962607657,7239480.892366021,0.00016104436019038685,185259218.05151254,4068175.037534984,0.0011309385
2026-05-06,192892273.93930784,0.019036213032181,7324465599.702941,0.21464688568732815,7278676.629776285,0.00020702623519370446,191748890.4223877,1143383.5169201447,0.0116763115
2026-05-07,198291929.2898485,0.028211740466207252,7366634883.413431,0.2186157218705322,7320848.049547923,0.00021862679572592266,197186445.07040668,1105484.2194418395,0.0047878027
2026-05-08,200750711.6106104,0.012626187175140574,7409087953.041019,0.21409378475274962,7365736.743319401,0.0002263768068233519,194818867.79716095,5931843.813449444,-3.3438206e-05
2026-05-11,203360700.3529754,0.013225827336742772,7456455093.101552,0.23595004809950096,7410842.250444573,0.00022468417054810966,201997227.91737214,1363472.4356032507,0.010782242
2026-05-12,204292205.37430623,0.004810626569601003,7503283268.450654,0.23027150903700588,7457629.617444431,0.00023007083924597385,203057137.00418997,1235068.3701162674,-0.002492845
2026-05-13,207036306.72605702,0.01365850931783941,7549491545.548348,0.22618717641738278,7503855.256360564,0.00022627216163944135,205812740.35797688,1223566.3680801494,0.0066634417
2026-05-14,207205151.04385343,0.0010445297885551363,7596873415.276988,0.22885778092696363,7551266.52825196,0.00022899979545195639,205970191.62215054,1234959.4217029056,-0.015239298
2026-05-15,204302652.71025386,-0.01375970444063881,7648213135.725969,0.24777241391125268,7602683.224910182,0.00024814391147708504,202965157.5667257,1337495.1435281588,-0.01017946
2026-05-18,203586204.73347643,-0.0033344438934304475,7683609107.169832,0.17325262777699804,7637895.468946269,0.00017235333740881745,202651376.6495341,934828.0839423356,-0.00093364716
2026-05-19,207782476.91352153,0.0208599270474523,7733920911.533153,0.24712776796043584,7688416.667509177,0.00024815629639074753,206479381.62896255,1303095.2845589928,0.009199977
2026-05-20,208245475.7980103,0.0024781564941253414,7785790093.192351,0.24963212697087334,7740335.277549108,0.00024987001219327635,206895442.36202997,1350033.435980332,-0.001763463
2026-05-21,205653189.63560468,-0.012193274363335114,7838836460.860128,0.25472998856037526,7793427.218626316,0.00025494883321597436,204265101.32184106,1388088.3137636269,-0.020399868
2026-05-22,206976491.8796726,0.006690915168135258,7891522465.707002,0.25618861025315104,7846133.020466672,0.0002562848742280417,205601515.38078448,1374976.498888093,0.008736968
2026-05-25,204367194.60038304,-0.01237656448399942,7939196927.561114,0.2303375683931707,7893772.401335466,0.0002301680757855776,203110019.4530015,1257175.1473815488,0.009644985
2026-05-26,202789748.94100732,-0.007489435318769941,7986039978.711137,0.22921022741256883,7940623.1754731545,0.0002292480171746752,201563978.5924308,1225770.3485765308,-0.0017328858
2026-05-27,200346049.92994177,-0.011854090923561522,8025919877.620961,0.19665638484234063,7980434.064225783,0.00019631608086959727,199298110.78450972,1047939.1454320424,-0.012458742
2026-05-28,204033125.58059046,0.018591497635113374,8063588742.215372,0.18801900315770226,8018091.527053918,0.0001879620927954577,203045647.4305392,987478.1500512571,0.0011991262
2026-05-29,204368347.503173,0.0018983581641719312,8115481888.147505,0.2543368670379732,8070197.554178812,0.00025538023287455177,203007212.994723,1361134.5084500117,-0.0073358417
2026-06-01,208965221.56874493,0.022703739332020575,8156321136.83085,0.19983157461656717,8113249.178034715,0.00021065700428602493,203222388.33903396,5742833.229710977,-0.002661705
2026-06-02,214956549.51129556,0.02889553845980486,8205303685.563557,0.23440526784785023,8160083.832085399,0.00022412654938025676,213556340.29968098,1400209.2116145687,0.004278779
2026-06-03,213990926.9511987,-0.004287720498533111,8246998625.668733,0.19396915423126004,8204032.788548729,0.00020445507040026706,208126633.97973794,5864292.971460775,0.0021771193
2026-06-04,209761566.26298526,-0.01958198530764644,8288304604.125534,0.19302677475770444,8243026.289234152,0.00018222034569865324,208561222.33496726,1200343.9280180112,-0.0064136386
2026-06-05,209760468.5786625,0.0001605103477245658,8314382141.736828,0.12431990319236791,8277792.875497018,0.00016574335748083548,191216793.93376413,18543674.64489839,-0.007404268
2026-06-08,201597269.30809918,-0.03870267156443804,8361209046.2316065,0.223239892683678,8322701.623457751,0.00021409538348686501,186934816.47925422,14662452.828844959,-0.01698172
2026-06-09,200858481.19847822,-0.003484215405074295,8404167427.141455,0.2130900932204361,8359081.421734519,0.00018045779291369848,199389573.43406773,1468907.764410487,0.012803316
2026-06-10,195709526.88063803,-0.025460042937179708,8439503496.239074,0.17592520309213,8394170.18396475,0.00017469395377712506,194770321.6132368,939205.2674012207,-0.0041906834
2026-06-11,191181096.69880244,-0.02293102633544858,8480034256.087024,0.20709650927044257,8434780.05080225,0.0002075007153957679,190124287.3191297,1056809.3796727401,-0.0015553236
2026-06-12,193761093.2343595,0.013660416135987783,8511745903.195098,0.1658722941527766,8466396.85348535,0.00016537619685753248,192925589.50731933,835503.7270401767,0.011160731
2026-06-15,196114356.1564697,0.012328032889327125,8547114590.686932,0.18253761320934675,8501827.061440313,0.00018285512000136081,195191241.71112368,923114.445346023,0.016112804
2026-06-16,199176443.5632266,0.01581077036591232,8585673418.516054,0.19661399901982907,8540458.705332091,0.00019698529291224153,198146328.63645756,1030114.926769034,-0.0011180639
2026-06-17,196197419.60524446,-0.014762058943682703,8624428021.54765,0.19457422945345926,8579228.263240801,0.00019464931301679296,195176164.4821519,1021255.123092569,0.003955126
2026-06-18,193770191.01598525,-0.012176221172480461,8662698487.226007,0.19506100414245758,8617513.677916598,0.00019513719779203976,192757323.31269205,1012867.7032932015,-0.004283011
2026-06-22,195377433.7318329,0.008502830829819251,8703005857.960928,0.2080163647647708,8657866.116139641,0.0002082489469173024,194314783.49052465,1062650.2413082514,0.017752409
2026-06-23,197138655.8855668,0.009243160868761514,8747613507.102793,0.22831525775433933,8702549.012514856,0.00022870039554590837,195970194.0739326,1168461.8116342174,-0.01365453
2026-06-24,195569386.50577357,-0.00782257025482246,8774957274.36423,0.13870322458376055,8729687.406701967,0.00013766145490443259,194838809.23698482,730577.2687887619,0.001110673
2026-06-25,190577257.99830166,-0.025401626081230047,8799337994.751223,0.12466532120697553,8754035.485218668,0.00012449841435680138,189936312.54861102,640945.4496906525,0.0023032427
